Steps,Policy/Entropy,Environment/Episode Length,Policy/Extrinsic Value Estimate,Environment/Cumulative Reward,Policy/Extrinsic Reward,Is Training
55400000,0.34753287,105.51948051948052,0.88054436,1.4668804840608076,1.4668804840608076,1.0
55410000,0.3723746,114.4367816091954,0.95553213,1.3658046047528123,1.3658046047528123,1.0
55420000,0.39306995,117.58441558441558,0.94047046,1.451563589613546,1.451563589613546,1.0
55430000,0.3959352,126.56410256410257,0.9438981,1.3449670529063744,1.3449670529063744,1.0
55440000,0.41999996,126.27848101265823,0.9475487,1.3767589305837948,1.3767589305837948,1.0
55450000,0.39300233,131.8658536585366,0.9377525,1.375754162848714,1.375754162848714,1.0
55460000,0.370638,120.29629629629629,0.91257817,1.4174429989313777,1.4174429989313777,1.0
55470000,0.37637138,119.31764705882352,0.939937,1.448890671004043,1.448890671004043,1.0
55480000,0.36858985,117.14814814814815,0.90276855,1.451385149203333,1.451385149203333,1.0
55490000,0.3898948,117.4074074074074,0.8792409,1.3579438525002177,1.3579438525002177,1.0
55500000,0.40413934,129.27848101265823,0.9152645,1.4070461064768143,1.4070461064768143,1.0
55510000,0.41904625,118.32467532467533,0.8905451,1.4180589446272605,1.4180589446272605,1.0
55520000,0.40411827,134.0810810810811,0.9054306,1.4348629621201998,1.4348629621201998,1.0
55530000,0.38644117,129.32051282051282,0.9106687,1.4059512343926308,1.4059512343926308,1.0
55540000,0.37733057,129.425,0.8828777,1.3432674575597048,1.3432674575597048,1.0
55550000,0.41413954,130.26923076923077,0.893721,1.4061922713254507,1.4061922713254507,1.0
55560000,0.40227515,123.73809523809524,0.9452117,1.44401900022335,1.44401900022335,1.0
55570000,0.40801165,118.95,0.9282856,1.4505549599882215,1.4505549599882215,1.0
55580000,0.37472287,123.02298850574712,0.90013146,1.4168643321114025,1.4168643321114025,1.0
55590000,0.4018484,116.15,0.9077081,1.453224961948581,1.453224961948581,1.0
55600000,0.39491302,120.95061728395062,0.9313422,1.4472567472192976,1.4472567472192976,1.0
55610000,0.39082095,123.55421686746988,0.93978107,1.4152094796743422,1.4152094796743422,1.0
55620000,0.41052404,120.0,0.93457735,1.4171574542298913,1.4171574542298913,1.0
55630000,0.38089517,117.4,0.9075941,1.3913858328233748,1.3913858328233748,1.0
55640000,0.3856856,117.25925925925925,0.8907902,1.4521530425107037,1.4521530425107037,1.0
55650000,0.38355815,118.41463414634147,0.93486416,1.4506487435683972,1.4506487435683972,1.0
55660000,0.3928335,117.03571428571429,0.8895808,1.3900650249098438,1.3900650249098438,1.0
55670000,0.39259887,130.72619047619048,0.9600756,1.4082282000604798,1.4082282000604798,1.0
55680000,0.3828114,120.21428571428571,0.8994894,1.3258142516105658,1.3258142516105658,1.0
55690000,0.372363,114.51807228915662,0.93065786,1.4550761529909713,1.4550761529909713,1.0
55700000,0.3688578,121.13953488372093,0.9037535,1.4152960564408983,1.4152960564408983,1.0
55710000,0.38887486,118.44736842105263,0.87564504,1.3587246572270113,1.3587246572270113,1.0
55720000,0.38567108,118.2872340425532,0.8956368,1.4522698430052723,1.4522698430052723,1.0
55730000,0.4066079,113.61842105263158,0.88200706,1.393188327550888,1.393188327550888,1.0
55740000,0.44149902,116.8157894736842,0.8835271,1.4189183845576878,1.4189183845576878,1.0
55750000,0.39623332,131.72151898734177,0.92575634,1.437597414785171,1.437597414785171,1.0
55760000,0.4268222,126.49411764705883,0.9627938,1.4428870234857587,1.4428870234857587,1.0
55770000,0.4145456,115.89873417721519,0.8850729,1.4191619633119317,1.4191619633119317,1.0
55780000,0.38175303,125.52325581395348,0.9201847,1.4438511294334433,1.4438511294334433,1.0
55790000,0.3975905,125.1875,0.91242695,1.380012458190322,1.380012458190322,1.0
55800000,0.41243258,119.025,0.95572025,1.4504493371939953,1.4504493371939953,1.0
55810000,0.38489488,120.14285714285714,0.93576694,1.4195517610354595,1.4195517610354595,1.0
55820000,0.4024471,123.30379746835443,0.9229795,1.4116100779722762,1.4116100779722762,1.0
55830000,0.40283412,122.02597402597402,0.9124648,1.4124441061701094,1.4124441061701094,1.0
55840000,0.42762557,121.98684210526316,0.93947446,1.4472631120956259,1.4472631120956259,1.0
55850000,0.3981336,134.02439024390245,0.9238563,1.4048216430896736,1.4048216430896736,1.0
55860000,0.4077333,124.76829268292683,0.918357,1.4132121592396643,1.4132121592396643,1.0
55870000,0.40792313,120.5,0.9274389,1.4486733699995507,1.4486733699995507,1.0
55880000,0.40026793,124.92405063291139,0.90930724,1.3790874644648283,1.3790874644648283,1.0
55890000,0.37638757,120.98765432098766,0.928581,1.448271561184047,1.448271561184047,1.0
55900000,0.38635167,122.79746835443038,0.9360198,1.4463518588226052,1.4463518588226052,1.0
55910000,0.3716248,128.45348837209303,0.9416276,1.3798046652885045,1.3798046652885045,1.0
55920000,0.42002308,116.7051282051282,0.8825199,1.3864999621724472,1.3864999621724472,1.0
55930000,0.4494041,126.81012658227849,0.9448561,1.4089923672660996,1.4089923672660996,1.0
55940000,0.40018353,123.85333333333334,0.9218878,1.4117262784979845,1.4117262784979845,1.0
55950000,0.40613177,125.1358024691358,0.88195485,1.3464949584100396,1.3464949584100396,1.0
55960000,0.3657783,124.36046511627907,0.9200331,1.3848418197919463,1.3848418197919463,1.0
55970000,0.39892623,118.14102564102564,0.8814603,1.3855897096487193,1.3855897096487193,1.0
55980000,0.42575833,129.46753246753246,0.8660382,1.4063025278349717,1.4063025278349717,1.0
55990000,0.4178691,126.48809523809524,0.876285,1.3494071886841073,1.3494071886841073,1.0
56000000,0.40003332,121.14473684210526,0.90464187,1.4482103456537445,1.4482103456537445,1.0
56010000,0.38895443,121.4186046511628,0.9426709,1.447713914608886,1.447713914608886,1.0
56020000,0.36065266,125.11764705882354,0.888108,1.41341423624683,1.41341423624683,1.0
56030000,0.38109022,111.14285714285714,0.89066625,1.4276928124683244,1.4276928124683244,1.0
56040000,0.40896657,123.22222222222223,0.8976874,1.4459121493486369,1.4459121493486369,1.0
56050000,0.39745298,119.48809523809524,0.86911017,1.4498733705546283,1.4498733705546283,1.0
56060000,0.39379963,120.41025641025641,0.9147735,1.4488731251984108,1.4488731251984108,1.0
56070000,0.3791895,121.69135802469135,0.92894703,1.4454025867836255,1.4454025867836255,1.0
56080000,0.4149375,123.63414634146342,0.9434555,1.4171772362579675,1.4171772362579675,1.0
56090000,0.4103768,120.22619047619048,0.9196485,1.4161324222366531,1.4161324222366531,1.0
56100000,0.40505567,125.05194805194805,0.927953,1.38162164596549,1.38162164596549,1.0
56110000,0.42639366,117.9375,0.9326301,1.4518324533477425,1.4518324533477425,1.0
56120000,0.44068033,122.5,0.9196029,1.4463640441879249,1.4463640441879249,1.0
56130000,0.4127166,131.87951807228916,0.8808746,1.4066650151129227,1.4066650151129227,1.0
56140000,0.4092915,117.2948717948718,0.90840846,1.41864354789066,1.41864354789066,1.0
56150000,0.39770505,122.29545454545455,0.8959419,1.4174726766280152,1.4174726766280152,1.0
56160000,0.43276915,115.82894736842105,0.87615436,1.383834172040224,1.383834172040224,1.0
56170000,0.45655605,121.26666666666667,0.8603385,1.3803841849102785,1.3803841849102785,1.0
56180000,0.4432953,127.94666666666667,0.8171245,1.3360810346297316,1.3360810346297316,1.0
56190000,0.40259266,128.65,0.82280546,1.344712444767356,1.344712444767356,1.0
56200000,0.4420927,122.21917808219177,0.8818173,1.4462945604243793,1.4462945604243793,1.0
56210000,0.42743942,146.40243902439025,0.8987445,1.3912097124791727,1.3912097124791727,1.0
56220000,0.40341255,125.95,0.88375384,1.4109424533322454,1.4109424533322454,1.0
56230000,0.4266745,117.3132530120482,0.87364614,1.4203487358442166,1.4203487358442166,1.0
56240000,0.395751,120.0126582278481,0.8750815,1.4148278028904637,1.4148278028904637,1.0
56250000,0.37825754,124.02352941176471,0.8915681,1.415030545478358,1.415030545478358,1.0
56260000,0.3918997,127.1829268292683,0.8863588,1.4102462982622588,1.4102462982622588,1.0
56270000,0.42458767,117.2987012987013,0.89511395,1.4517454181301903,1.4517454181301903,1.0
56280000,0.40135652,120.46835443037975,0.8929372,1.3178151573844348,1.3178151573844348,1.0
56290000,0.38614246,137.2439024390244,0.914049,1.3493389886145184,1.3493389886145184,1.0
56300000,0.41698924,120.3170731707317,0.9174627,1.449082878304691,1.449082878304691,1.0
56310000,0.42340115,121.13253012048193,0.91155374,1.446872253150466,1.446872253150466,1.0
56320000,0.434719,127.22077922077922,0.87997496,1.3750674842627018,1.3750674842627018,1.0
56330000,0.4041532,117.6625,0.8997397,1.4515752722451716,1.4515752722451716,1.0
56340000,0.37534884,121.57471264367815,0.92579794,1.3870999561839326,1.3870999561839326,1.0
56350000,0.37265,117.98780487804878,0.90220577,1.45126825916331,1.45126825916331,1.0
56360000,0.38971958,116.9047619047619,0.9081423,1.4210999539742868,1.4210999539742868,1.0
56370000,0.3900459,124.45977011494253,0.92541224,1.3843884505759712,1.3843884505759712,1.0
56380000,0.3940581,120.46753246753246,0.90011287,1.4153281689072266,1.4153281689072266,1.0
56390000,0.39381087,118.0625,0.91553646,1.4499442533978932,1.4499442533978932,1.0
56400000,0.4123742,124.3529411764706,0.9052571,1.4446352508138207,1.4446352508138207,1.0
56410000,0.39351335,120.05,0.88776976,1.3197674598544835,1.3197674598544835,1.0
56420000,0.41378298,118.5,0.9109437,1.389004716161816,1.389004716161816,1.0
56430000,0.41154328,117.9875,0.8943863,1.4178202094722399,1.4178202094722399,1.0
56440000,0.41317332,126.67857142857143,0.9163043,1.4113928943872451,1.4113928943872451,1.0
56450000,0.4313548,114.09876543209876,0.8901269,1.3902774550020696,1.3902774550020696,1.0
56460000,0.43356964,128.83516483516485,0.8786489,1.3798070136238547,1.3798070136238547,1.0
56470000,0.41612074,120.65714285714286,0.8765754,1.3802986588183936,1.3802986588183936,1.0
56480000,0.41766813,122.55294117647058,0.92948115,1.4165881987441988,1.4165881987441988,1.0
56490000,0.4059083,117.86075949367088,0.8984685,1.418620215846768,1.418620215846768,1.0
56500000,0.45011482,120.89873417721519,0.8847601,1.4156252743699882,1.4156252743699882,1.0
56510000,0.42609733,119.75342465753425,0.8580287,1.4139323964513637,1.4139323964513637,1.0
56520000,0.43525645,130.73417721518987,0.8272508,1.3389281726036317,1.3389281726036317,1.0
56530000,0.4071504,120.49397590361446,0.8755078,1.387154729415973,1.387154729415973,1.0
56540000,0.43445414,136.26027397260273,0.8588162,1.3997638467181888,1.3997638467181888,1.0
56550000,0.43628645,127.31645569620254,0.90334743,1.4370455370296407,1.4370455370296407,1.0
56560000,0.4300597,126.61627906976744,0.89599335,1.4128850196627365,1.4128850196627365,1.0
56570000,0.4195371,128.78378378378378,0.89965236,1.4401451654936352,1.4401451654936352,1.0
56580000,0.42907506,130.13888888888889,0.86955166,1.3683287229848236,1.3683287229848236,1.0
56590000,0.4288481,126.96385542168674,0.8949728,1.4419145940280542,1.4419145940280542,1.0
56600000,0.3842747,123.0379746835443,0.8817227,1.4132050189979468,1.4132050189979468,1.0
56610000,0.3763844,130.2093023255814,0.91098326,1.4390459338138843,1.4390459338138843,1.0
56620000,0.40795794,115.18518518518519,0.8791748,1.389555515744436,1.389555515744436,1.0
56630000,0.38183624,122.575,0.901518,1.413506280960916,1.413506280960916,1.0
56640000,0.408204,120.91764705882353,0.923985,1.4481787753894049,1.4481787753894049,1.0
56650000,0.39865324,122.84415584415585,0.9335127,1.4455142282433324,1.4455142282433324,1.0
56660000,0.4039108,120.18604651162791,0.9487457,1.4477836883865123,1.4477836883865123,1.0
56670000,0.40686205,125.34939759036145,0.91703266,1.3505999494388878,1.3505999494388878,1.0
56680000,0.39870077,117.4,0.9147204,1.4516474659554661,1.4516474659554661,1.0
56690000,0.39146355,117.02439024390245,0.91793483,1.4205316592734762,1.4205316592734762,1.0
56700000,0.40498585,120.06172839506173,0.9251848,1.4485950131935101,1.4485950131935101,1.0
56710000,0.3883636,116.87640449438203,0.9151785,1.4519288488560254,1.4519288488560254,1.0
56720000,0.39421004,122.23529411764706,0.91652155,1.3858023024657193,1.3858023024657193,1.0
56730000,0.38755062,117.73809523809524,0.9350925,1.4197710402399661,1.4197710402399661,1.0
56740000,0.37897357,117.5609756097561,0.9453388,1.451525256172361,1.451525256172361,1.0
56750000,0.37502986,118.61627906976744,0.9410316,1.4202301869558733,1.4202301869558733,1.0
56760000,0.4071822,114.18604651162791,0.9292388,1.4552423124804217,1.4552423124804217,1.0
56770000,0.42998672,117.52631578947368,0.89817697,1.4491662061349913,1.4491662061349913,1.0
56780000,0.39252815,127.38271604938272,0.92300415,1.4074740339024567,1.4074740339024567,1.0
56790000,0.39772946,121.52439024390245,0.89471585,1.4473036545110338,1.4473036545110338,1.0
56800000,0.4142528,120.1358024691358,0.8946296,1.3851530393240628,1.3851530393240628,1.0
56810000,0.3927699,119.46067415730337,0.93180543,1.4487364387687516,1.4487364387687516,1.0
56820000,0.41857058,121.28205128205128,0.9365375,1.3862939362066338,1.3862939362066338,1.0
56830000,0.4530497,120.22619047619048,0.93166465,1.3804674878135903,1.3804674878135903,1.0
56840000,0.38881817,126.12820512820512,0.91196245,1.411510792123266,1.411510792123266,1.0
56850000,0.37258768,125.08602150537635,0.94847906,1.4426809042426092,1.4426809042426092,1.0
56860000,0.3654303,117.71014492753623,0.94088894,1.4517949560191483,1.4517949560191483,1.0
56870000,0.38706738,120.6829268292683,0.96448255,1.4479382286469142,1.4479382286469142,1.0
56880000,0.40432817,120.33333333333333,0.9345986,1.4183387763359967,1.4183387763359967,1.0
56890000,0.42464176,116.4,0.9182448,1.452451304658442,1.452451304658442,1.0
56900000,0.37686223,129.17241379310346,0.92599607,1.4399431356313555,1.4399431356313555,1.0
56910000,0.406337,118.61842105263158,0.9120075,1.4501199533541997,1.4501199533541997,1.0
56920000,0.39286616,125.85714285714286,0.9342499,1.4128752550658057,1.4128752550658057,1.0
56930000,0.39565137,115.4125,0.9128704,1.4206227315471898,1.4206227315471898,1.0
56940000,0.42496413,131.5,0.8727687,1.4020903564683378,1.4020903564683378,1.0
56950000,0.36503008,123.97674418604652,0.9285834,1.4129764342132736,1.4129764342132736,1.0
56960000,0.3948585,122.02439024390245,0.90432775,1.3838194688645804,1.3838194688645804,1.0
56970000,0.3958113,122.18518518518519,0.8834622,1.4477950175419265,1.4477950175419265,1.0
56980000,0.4034536,125.6842105263158,0.8869972,1.437871945500374,1.437871945500374,1.0
56990000,0.38048872,120.11111111111111,0.900747,1.3855156142219722,1.3855156142219722,1.0
57000000,0.35542315,127.82954545454545,0.9140052,1.3800137453209396,1.3800137453209396,1.0
57010000,0.38008696,116.475,0.88349617,1.4527224588673562,1.4527224588673562,1.0
57020000,0.37338665,122.64285714285714,0.9115117,1.4156356708013587,1.4156356708013587,1.0
57030000,0.36058283,118.22093023255815,0.8834763,1.4204185665693394,1.4204185665693394,1.0
57040000,0.36616364,118.1219512195122,0.93715245,1.4506048471098993,1.4506048471098993,1.0
57050000,0.3492141,117.58024691358025,0.9166518,1.4514902086428754,1.4514902086428754,1.0
57060000,0.35204574,124.04878048780488,0.9122475,1.3492715621804015,1.3492715621804015,1.0
57070000,0.35650736,116.78823529411764,0.92302483,1.4216940681723986,1.4216940681723986,1.0
57080000,0.3858992,117.3132530120482,0.904923,1.4204602122576122,1.4204602122576122,1.0
57090000,0.36066353,123.6547619047619,0.8190964,1.2297690081454458,1.2297690081454458,1.0
57100000,0.35642767,119.03488372093024,0.8821787,1.3281418149207913,1.3281418149207913,1.0
57110000,0.38761476,119.76,0.9178317,1.449266616155704,1.449266616155704,1.0
57120000,0.35721463,123.89024390243902,0.89121974,1.3808682602716655,1.3808682602716655,1.0
57130000,0.38978451,118.71604938271605,0.90184015,1.4168320572302666,1.4168320572302666,1.0
57140000,0.3944715,124.20481927710843,0.90904367,1.4141023302716869,1.4141023302716869,1.0
57150000,0.40167803,117.72839506172839,0.94531405,1.4512024626135827,1.4512024626135827,1.0
57160000,0.38939208,115.13953488372093,0.9265188,1.422353450555441,1.422353450555441,1.0
57170000,0.38496017,121.35526315789474,0.90069616,1.447277872593372,1.447277872593372,1.0
57180000,0.39327788,121.82142857142857,0.89926356,1.3829826815628712,1.3829826815628712,1.0
57190000,0.3796766,125.57142857142857,0.8749955,1.3791149488184602,1.3791149488184602,1.0
57200000,0.35815874,124.96511627906976,0.9125124,1.4423594514874718,1.4423594514874718,1.0
57210000,0.35302138,121.03614457831326,0.9095535,1.360044903802068,1.360044903802068,1.0
57220000,0.39081168,116.55128205128206,0.87423706,1.380419395139648,1.380419395139648,1.0
57230000,0.37526986,122.63095238095238,0.9001453,1.3596310628785027,1.3596310628785027,1.0
57240000,0.3865704,122.25,0.8795276,1.3820174561813474,1.3820174561813474,1.0
57250000,0.3945267,128.25925925925927,0.91862106,1.4100048952724462,1.4100048952724462,1.0
57260000,0.39310563,123.8375,0.92841494,1.4118468762363916,1.4118468762363916,1.0
57270000,0.3972593,123.1829268292683,0.8735983,1.3824975119858254,1.3824975119858254,1.0
57280000,0.39594343,118.37647058823529,0.9187901,1.3890380549821115,1.3890380549821115,1.0
57290000,0.38920256,121.49367088607595,0.92951274,1.447287460230291,1.447287460230291,1.0
57300000,0.3762907,121.51724137931035,0.9163456,1.3873976317862438,1.3873976317862438,1.0
57310000,0.4079619,121.85185185185185,0.919578,1.4465505870771997,1.4465505870771997,1.0
57320000,0.3817851,116.63855421686748,0.9317116,1.4208481573466076,1.4208481573466076,1.0
57330000,0.3960202,122.1566265060241,0.95247906,1.4150577866169343,1.4150577866169343,1.0
57340000,0.36879942,117.8395061728395,0.91686004,1.4186320548164255,1.4186320548164255,1.0
57350000,0.39156103,115.56626506024097,0.91964257,1.4532785208097525,1.4532785208097525,1.0
57360000,0.38973793,125.6219512195122,0.92537916,1.4430584929338315,1.4430584929338315,1.0
57370000,0.40664342,117.77922077922078,0.896796,1.4496052284774028,1.4496052284774028,1.0
57380000,0.4028542,120.4125,0.91642493,1.4149135360379277,1.4149135360379277,1.0
57390000,0.4240559,122.76829268292683,0.9386489,1.4444567524356606,1.4444567524356606,1.0
57400000,0.40374598,129.5185185185185,0.90799946,1.439330817602667,1.439330817602667,1.0
57410000,0.4056123,119.67088607594937,0.9303529,1.4155384164590101,1.4155384164590101,1.0
57420000,0.37639812,128.08641975308643,0.9040816,1.3481686208621566,1.3481686208621566,1.0
57430000,0.37598985,115.96470588235294,0.9178528,1.3911666206660724,1.3911666206660724,1.0
57440000,0.39587978,123.54545454545455,0.8970024,1.4107820112735798,1.4107820112735798,1.0
57450000,0.36930886,132.16455696202533,0.9087341,1.436298687058159,1.436298687058159,1.0
57460000,0.4136574,124.05128205128206,0.9099232,1.3774077520742045,1.3774077520742045,1.0
57470000,0.38643232,124.54545454545455,0.90526515,1.4108415240687984,1.4108415240687984,1.0
57480000,0.39100015,127.01162790697674,0.90343446,1.4119930644144958,1.4119930644144958,1.0
57490000,0.37667853,122.875,0.8949838,1.4128986926207059,1.4128986926207059,1.0
57500000,0.39086056,118.2875,0.9097029,1.4505801932587299,1.4505801932587299,1.0
57510000,0.41384372,126.88311688311688,0.8858186,1.3397920532152057,1.3397920532152057,1.0
57520000,0.3853031,127.03614457831326,0.9182202,1.4405445329037057,1.4405445329037057,1.0
57530000,0.352674,117.04597701149426,0.87255955,1.419371038091829,1.419371038091829,1.0
57540000,0.4160604,123.22972972972973,0.9141305,1.4445614986694777,1.4445614986694777,1.0
57550000,0.3747942,122.70114942528735,0.9314146,1.4458873255242561,1.4458873255242561,1.0
57560000,0.3443052,120.45679012345678,0.93065894,1.4482804443232897,1.4482804443232897,1.0
57570000,0.36196813,122.61290322580645,0.9286279,1.4445469496120888,1.4445469496120888,1.0
57580000,0.3932886,113.34722222222223,0.9068774,1.423723416517914,1.423723416517914,1.0
57590000,0.35841113,125.67441860465117,0.9452923,1.4451653997839233,1.4451653997839233,1.0
57600000,0.3464091,123.30666666666667,0.9453079,1.442733288363174,1.442733288363174,1.0
57610000,0.38091916,117.35632183908046,0.9331988,1.4511700707605515,1.4511700707605515,1.0
57620000,0.3625654,118.86585365853658,0.90552795,1.4488755635826327,1.4488755635826327,1.0
57630000,0.34859303,113.63636363636364,0.91450506,1.4249309842185727,1.4249309842185727,1.0
57640000,0.3861382,120.6951219512195,0.91185147,1.4473782689366714,1.4473782689366714,1.0
57650000,0.34000206,113.55555555555556,0.88479346,1.454864158352584,1.454864158352584,1.0
57660000,0.3722687,120.45882352941176,0.93012726,1.4478404425705473,1.4478404425705473,1.0
57670000,0.35171133,121.2375,0.8971657,1.4471049627289176,1.4471049627289176,1.0
57680000,0.33674607,125.93023255813954,0.9014796,1.3506813591649367,1.3506813591649367,1.0
57690000,0.39330068,113.4390243902439,0.8924771,1.4550024020235712,1.4550024020235712,1.0
57700000,0.3577474,121.6867469879518,0.94237983,1.4463999356542314,1.4463999356542314,1.0
57710000,0.39097613,120.82051282051282,0.9067744,1.4481210018949289,1.4481210018949289,1.0
57720000,0.36290312,120.19753086419753,0.9099575,1.4478770632700748,1.4478770632700748,1.0
57730000,0.35714892,120.07142857142857,0.9124405,1.3560094814747572,1.3560094814747572,1.0
57740000,0.35758573,124.55,0.94777083,1.4111189464979534,1.4111189464979534,1.0
57750000,0.34425172,119.5,0.94699097,1.4487872799929185,1.4487872799929185,1.0
57760000,0.35377687,129.0595238095238,0.98112994,1.4392336955720402,1.4392336955720402,1.0
57770000,0.3964257,118.82716049382717,0.95209527,1.4494316627884782,1.4494316627884782,1.0
57780000,0.39067885,115.7051282051282,0.91995955,1.4190571028497312,1.4190571028497312,1.0
57790000,0.39910546,126.89156626506023,0.95362514,1.4103421260973057,1.4103421260973057,1.0
57800000,0.36029258,122.51219512195122,0.9242782,1.4458048461323105,1.4458048461323105,1.0
57810000,0.37246615,117.04,0.89931804,1.4169732842842737,1.4169732842842737,1.0
57820000,0.37163043,129.3953488372093,0.91810745,1.3484674096107483,1.3484674096107483,1.0
57830000,0.37282297,120.14864864864865,0.89257944,1.4486486300624706,1.4486486300624706,1.0
57840000,0.3654996,128.96385542168676,0.8943493,1.3882584995249423,1.3882584995249423,1.0
57850000,0.37390375,118.59210526315789,0.8780807,1.448484164907744,1.448484164907744,1.0
57860000,0.35501534,133.3294117647059,0.91678035,1.404144149273634,1.404144149273634,1.0
57870000,0.37326962,123.3,0.92709714,1.4453949579969048,1.4453949579969048,1.0
57880000,0.36182833,119.56470588235294,0.9180842,1.4169199507026111,1.4169199507026111,1.0
57890000,0.38065636,120.03571428571429,0.93421566,1.4178164170507122,1.4178164170507122,1.0
57900000,0.38404852,114.86746987951807,0.9393182,1.422185322224367,1.422185322224367,1.0
57910000,0.34099406,122.21428571428571,0.94830084,1.3847428086612905,1.3847428086612905,1.0
57920000,0.36014622,114.51219512195122,0.9071331,1.4219170290885903,1.4219170290885903,1.0
57930000,0.36194062,121.18518518518519,0.9233792,1.41590118886512,1.41590118886512,1.0
57940000,0.38594395,121.95294117647059,0.9461992,1.4162211402374156,1.4162211402374156,1.0
57950000,0.3912288,118.44303797468355,0.9436138,1.4509695848520798,1.4509695848520798,1.0
57960000,0.3635656,121.08791208791209,0.96715325,1.4463055681311683,1.4463055681311683,1.0
57970000,0.3689394,115.45679012345678,0.91692036,1.4211686271500874,1.4211686271500874,1.0
57980000,0.36614588,121.72340425531915,0.92587954,1.4520480521023273,1.4520480521023273,1.0
57990000,0.3915376,122.3529411764706,0.92968506,1.4087349068238793,1.4087349068238793,1.0
58000000,0.3750099,122.39024390243902,0.9386282,1.4149348876293164,1.4149348876293164,1.0
58010000,0.38303486,121.11627906976744,0.9343993,1.3861623067189666,1.3861623067189666,1.0
58020000,0.36448917,120.1891891891892,0.8889975,1.3797519556681315,1.3797519556681315,1.0
58030000,0.38199,122.24050632911393,0.9184076,1.4461265284143672,1.4461265284143672,1.0
58040000,0.36342266,126.14634146341463,0.90562224,1.378093786491656,1.378093786491656,1.0
58050000,0.37233683,124.42857142857143,0.864009,1.3209071020994867,1.3209071020994867,1.0
58060000,0.36098817,119.09638554216868,0.9165302,1.4189999582955526,1.4189999582955526,1.0
58070000,0.37099996,120.88888888888889,0.92753154,1.4145649618469178,1.4145649618469178,1.0
58080000,0.385003,111.54117647058824,0.89564186,1.4266823162489077,1.4266823162489077,1.0
58090000,0.390961,123.36904761904762,0.89655375,1.4139999519767505,1.4139999519767505,1.0
58100000,0.38076267,118.77922077922078,0.90212744,1.3834051509182175,1.3834051509182175,1.0
58110000,0.3635526,126.51136363636364,0.9501611,1.441034042022445,1.441034042022445,1.0
58120000,0.38210553,113.61728395061728,0.93683416,1.4233633759545117,1.4233633759545117,1.0
58130000,0.38794824,127.05,0.9109341,1.3754202138302447,1.3754202138302447,1.0
58140000,0.38443765,120.67948717948718,0.91197664,1.3483179130424292,1.3483179130424292,1.0
58150000,0.37069786,125.91566265060241,0.9611151,1.4420023348980717,1.4420023348980717,1.0
58160000,0.37001556,118.96551724137932,0.8818488,1.391676701995176,1.391676701995176,1.0
58170000,0.35716993,115.67073170731707,0.92521226,1.4157999577227889,1.4157999577227889,1.0
58180000,0.36197904,122.7560975609756,0.93235344,1.4458047970231758,1.4458047970231758,1.0
58190000,0.37056315,116.81012658227849,0.933306,1.4507948302496703,1.4507948302496703,1.0
58200000,0.37867206,122.03658536585365,0.91902107,1.3844095967620251,1.3844095967620251,1.0
58210000,0.39206547,122.37974683544304,0.92784476,1.4458948256782231,1.4458948256782231,1.0
58220000,0.39663956,115.675,0.9267433,1.4526986918777605,1.4526986918777605,1.0
58230000,0.37552443,131.6625,0.91479963,1.4052567485673928,1.4052567485673928,1.0
58240000,0.36998647,122.8395061728395,0.9358025,1.3824170367655957,1.3824170367655957,1.0
58250000,0.37445763,127.41975308641975,0.9584643,1.408279949100688,1.408279949100688,1.0
58260000,0.35743788,119.04878048780488,0.94123864,1.4177097181630571,1.4177097181630571,1.0
58270000,0.36036453,122.84705882352941,0.9367747,1.4151434858055676,1.4151434858055676,1.0
58280000,0.3836911,122.49350649350649,0.9289356,1.4456358446906774,1.4456358446906774,1.0
58290000,0.36041838,124.51851851851852,0.9439126,1.4431399588473142,1.4431399588473142,1.0
58300000,0.34011263,117.91954022988506,0.9267791,1.3604827255181882,1.3604827255181882,1.0
58310000,0.3625504,117.8,0.95708424,1.4185124593786895,1.4185124593786895,1.0
58320000,0.3725526,126.03896103896103,0.9411455,1.4082640559914021,1.4082640559914021,1.0
58330000,0.36764765,123.34042553191489,0.9451261,1.4133638165532105,1.4133638165532105,1.0
58340000,0.3371183,120.76315789473684,0.9407166,1.4479022824833558,1.4479022824833558,1.0
58350000,0.35647178,116.14893617021276,0.92052174,1.4190877636031407,1.4190877636031407,1.0
58360000,0.35050687,112.90277777777777,0.9137409,1.4553951941253174,1.4553951941253174,1.0
58370000,0.3756539,121.3132530120482,0.914309,1.4155397111751946,1.4155397111751946,1.0
58380000,0.36188775,122.89024390243902,0.93700475,1.4449108036526714,1.4449108036526714,1.0
58390000,0.3865558,116.9625,0.9209079,1.4482885682130162,1.4482885682130162,1.0
58400000,0.3748329,131.6,0.924921,1.371299963630736,1.371299963630736,1.0
58410000,0.3619838,116.0340909090909,0.91763425,1.4510681437836452,1.4510681437836452,1.0
58420000,0.35629323,121.8,0.91145074,1.4137324649840592,1.4137324649840592,1.0
58430000,0.3459362,115.91764705882353,0.9375849,1.4528951955338318,1.4528951955338318,1.0
58440000,0.34246984,117.17721518987342,0.9246458,1.4181999570690096,1.4181999570690096,1.0
58450000,0.3643882,124.89772727272727,0.9272639,1.4139658642763442,1.4139658642763442,1.0
58460000,0.37259212,121.32051282051282,0.90352905,1.4465265453710585,1.4465265453710585,1.0
58470000,0.36600685,125.4125,0.92151034,1.4429499501362444,1.4429499501362444,1.0
58480000,0.3879583,114.89024390243902,0.9317524,1.4212073686038271,1.4212073686038271,1.0
58490000,0.37524498,123.74683544303798,0.91831946,1.3791037605533116,1.3791037605533116,1.0
58500000,0.36901227,123.03658536585365,0.9107695,1.3825292337867545,1.3825292337867545,1.0
58510000,0.4135539,123.5375,0.9268752,1.4126624494791031,1.4126624494791031,1.0
58520000,0.3693992,117.52873563218391,0.9349255,1.420788464189946,1.420788464189946,1.0
58530000,0.3756024,123.91358024691358,0.9361696,1.4440616851235613,1.4440616851235613,1.0
58540000,0.38433802,118.5,0.9616957,1.449777225244113,1.449777225244113,1.0
58550000,0.38794076,116.8157894736842,0.905029,1.4170604824627702,1.4170604824627702,1.0
58560000,0.39250487,122.62068965517241,0.9261277,1.4159953573654438,1.4159953573654438,1.0
58570000,0.40837836,120.90123456790124,0.89597243,1.41573654969291,1.41573654969291,1.0
58580000,0.37144083,118.98837209302326,0.9232941,1.4492681979694788,1.4492681979694788,1.0
58590000,0.36684123,117.04761904761905,0.8994648,1.358773778769232,1.358773778769232,1.0
58600000,0.37061077,118.65822784810126,0.87572855,1.449487460963428,1.449487460963428,1.0
58610000,0.37245852,120.53658536585365,0.9183141,1.4472731323231285,1.4472731323231285,1.0
58620000,0.3741716,115.07407407407408,0.89474046,1.42116538260454,1.42116538260454,1.0
58630000,0.4015327,125.08235294117647,0.9152606,1.4106190088426782,1.4106190088426782,1.0
58640000,0.39451784,124.90123456790124,0.9385489,1.4436048978456744,1.4436048978456744,1.0
58650000,0.38886127,115.77380952380952,0.92347175,1.4215083852051251,1.4215083852051251,1.0
58660000,0.41313118,120.71794871794872,0.8738702,1.3827399561647327,1.3827399561647327,1.0
58670000,0.37455556,118.17241379310344,0.9206109,1.3894069356800511,1.3894069356800511,1.0
58680000,0.39142227,117.96629213483146,0.9506878,1.4499246641116983,1.4499246641116983,1.0
58690000,0.3763992,114.27272727272727,0.9168185,1.454118476467736,1.454118476467736,1.0
58700000,0.38318914,128.3913043478261,0.90120703,1.3762385060629212,1.3762385060629212,1.0
58710000,0.38057584,114.05333333333333,0.9170151,1.4542499612129869,1.4542499612129869,1.0
58720000,0.40923402,127.67816091954023,0.92114514,1.407765394743578,1.407765394743578,1.0
58730000,0.4142462,122.87671232876713,0.9548445,1.4458174604922533,1.4458174604922533,1.0
58740000,0.4033657,118.09302325581395,0.93775046,1.4500917193644187,1.4500917193644187,1.0
58750000,0.40132034,119.47435897435898,0.90619415,1.448484564677645,1.448484564677645,1.0
58760000,0.3852046,115.6867469879518,0.8936031,1.3586481516978828,1.3586481516978828,1.0
58770000,0.3779568,121.18072289156626,0.9055183,1.4487710456891232,1.4487710456891232,1.0
58780000,0.37204596,130.17073170731706,0.891995,1.4055219087295416,1.4055219087295416,1.0
58790000,0.3607182,118.04938271604938,0.93454444,1.4502048930728142,1.4502048930728142,1.0
58800000,0.3935886,123.75,0.9071225,1.4128048952530932,1.4128048952530932,1.0
58810000,0.36944246,116.98876404494382,0.9401422,1.451122677630999,1.451122677630999,1.0
58820000,0.3542145,113.5,0.9154417,1.3921199527295196,1.3921199527295196,1.0
58830000,0.3873423,120.06410256410257,0.90772164,1.4152835085516489,1.4152835085516489,1.0
58840000,0.4021277,123.04819277108433,0.88536346,1.4139541797339916,1.4139541797339916,1.0
58850000,0.39751878,118.21518987341773,0.9114764,1.448572453763336,1.448572453763336,1.0
58860000,0.42321333,123.28947368421052,0.8552822,1.3768394242383932,1.3768394242383932,1.0
58870000,0.38003212,131.39285714285714,0.85969764,1.3744023589933494,1.3744023589933494,1.0
58880000,0.3819611,118.91358024691358,0.8850194,1.3527049656957388,1.3527049656957388,1.0
58890000,0.3606885,122.07058823529412,0.9234088,1.4461720611813456,1.4461720611813456,1.0
58900000,0.36302006,118.13483146067416,0.913723,1.4502359094579569,1.4502359094579569,1.0
58910000,0.38620302,114.69135802469135,0.9209609,1.453512149249635,1.453512149249635,1.0
58920000,0.37754592,117.13793103448276,0.931089,1.4510827198538971,1.4510827198538971,1.0
58930000,0.39074403,115.35714285714286,0.91080666,1.4530336957379997,1.4530336957379997,1.0
58940000,0.40517262,122.31645569620254,0.9078351,1.379318938602375,1.379318938602375,1.0
58950000,0.40109283,125.6875,0.911063,1.3783199567813427,1.3783199567813427,1.0
58960000,0.377911,122.12345679012346,0.94783866,1.4456633838211619,1.4456633838211619,1.0
58970000,0.3853162,117.5,0.9377922,1.4507293722647079,1.4507293722647079,1.0
58980000,0.37758523,119.70930232558139,0.9583268,1.448413916278717,1.448413916278717,1.0
58990000,0.39141586,115.51764705882353,0.9519828,1.4528446742716958,1.4528446742716958,1.0
59000000,0.39470488,118.32142857142857,0.93052644,1.4498785309316147,1.4498785309316147,1.0
59010000,0.40637267,121.11842105263158,0.929131,1.412978903635552,1.412978903635552,1.0
59020000,0.4075559,120.725,0.9380285,1.4156345274805286,1.4156345274805286,1.0
59030000,0.40832135,118.32954545454545,0.9290695,1.360765471711926,1.360765471711926,1.0
59040000,0.41362527,126.84507042253522,0.8940465,1.4049971397493926,1.4049971397493926,1.0
59050000,0.38738614,128.7625,0.88828415,1.3441579764087994,1.3441579764087994,1.0
59060000,0.39789373,121.93103448275862,0.8991053,1.3872206512538867,1.3872206512538867,1.0
59070000,0.40841132,121.3012048192771,0.91910106,1.4469609375043613,1.4469609375043613,1.0
59080000,0.39254203,117.69736842105263,0.89161634,1.4147499466412945,1.4147499466412945,1.0
59090000,0.3827767,120.79381443298969,0.90067494,1.3872093747643863,1.3872093747643863,1.0
59100000,0.36065254,118.68831168831169,0.9326445,1.4185213040183768,1.4185213040183768,1.0
59110000,0.38898188,117.41304347826087,0.87499547,1.3888118616527034,1.3888118616527034,1.0
59120000,0.38898104,115.33802816901408,0.93630004,1.4528531229382828,1.4528531229382828,1.0
59130000,0.38010284,118.11494252873563,0.93370175,1.3906137394322746,1.3906137394322746,1.0
59140000,0.40221033,119.06024096385542,0.92301464,1.4492194552156257,1.4492194552156257,1.0
59150000,0.4077958,118.92105263157895,0.867861,1.3801480071111158,1.3801480071111158,1.0
59160000,0.36545947,128.02409638554218,0.91471756,1.377971041139709,1.377971041139709,1.0
59170000,0.37323692,118.975,0.9012421,1.41717032596101,1.41717032596101,1.0
59180000,0.3916681,126.85057471264368,0.95534307,1.4407767108533271,1.4407767108533271,1.0
59190000,0.43342897,120.34615384615384,0.89251757,1.4479153467676578,1.4479153467676578,1.0
59200000,0.36941692,120.50588235294117,0.908651,1.416550540222841,1.416550540222841,1.0
59210000,0.38725132,116.6987951807229,0.92747825,1.3890915262142578,1.3890915262142578,1.0
59220000,0.38274962,116.45238095238095,0.9171214,1.419519002593699,1.419519002593699,1.0
59230000,0.39225048,122.43835616438356,0.9417194,1.4457404905980504,1.4457404905980504,1.0
59240000,0.37874115,121.20689655172414,0.9383858,1.4467976648660226,1.4467976648660226,1.0
59250000,0.4131098,125.71794871794872,0.8846478,1.3099820110946894,1.3099820110946894,1.0
59260000,0.39003977,125.44444444444444,0.9013521,1.4379209456620392,1.4379209456620392,1.0
59270000,0.36198232,122.05747126436782,0.93267167,1.4145232062613549,1.4145232062613549,1.0
59280000,0.39508566,116.08333333333333,0.915807,1.421330907958604,1.421330907958604,1.0
59290000,0.3774028,115.93103448275862,0.9189137,1.452055124330452,1.452055124330452,1.0
59300000,0.34010783,118.90588235294118,0.9292244,1.418776436281555,1.418776436281555,1.0
59310000,0.3681501,112.76744186046511,0.9468794,1.4551115856440955,1.4551115856440955,1.0
59320000,0.38366914,118.7764705882353,0.94326013,1.4492423069389428,1.4492423069389428,1.0
59330000,0.3619162,114.43529411764706,0.9265848,1.359940449840256,1.359940449840256,1.0
59340000,0.38283908,117.9753086419753,0.92442584,1.4185121431038148,1.4185121431038148,1.0
59350000,0.37708548,119.36046511627907,0.9094066,1.4187836773953466,1.4187836773953466,1.0
59360000,0.37889484,119.57831325301204,0.90776324,1.4157903185450886,1.4157903185450886,1.0
59370000,0.35997567,116.0375,0.92042375,1.451824968121946,1.451824968121946,1.0
59380000,0.33271098,120.98850574712644,0.9456306,1.4176817876710133,1.4176817876710133,1.0
59390000,0.38112247,115.76470588235294,0.90437853,1.4522571023997097,1.4522571023997097,1.0
59400000,0.34793484,118.23809523809524,0.8833823,1.3268618613836312,1.3268618613836312,1.0
59410000,0.36691377,117.50632911392405,0.90270823,1.3861074605956674,1.3861074605956674,1.0
59420000,0.34122446,119.33333333333333,0.93616307,1.3897572658704909,1.3897572658704909,1.0
59430000,0.3545636,117.88372093023256,0.8976055,1.4203511133443478,1.4203511133443478,1.0
59440000,0.36566365,119.39285714285714,0.94066817,1.4177713912601273,1.4177713912601273,1.0
59450000,0.33637777,117.58333333333333,0.9240286,1.388871393964759,1.388871393964759,1.0
59460000,0.36407283,114.6923076923077,0.88970125,1.360997580346607,1.360997580346607,1.0
59470000,0.37567624,111.53246753246754,0.9144796,1.4560329085325494,1.4560329085325494,1.0
59480000,0.37162045,120.65957446808511,0.9083147,1.4487428136968188,1.4487428136968188,1.0
59490000,0.414343,118.4054054054054,0.9100522,1.354756589260805,1.354756589260805,1.0
59500000,0.36385348,117.325,0.91696846,1.4161224545910955,1.4161224545910955,1.0
59510000,0.34647498,119.01098901098901,0.93080634,1.4207384228133237,1.4207384228133237,1.0
59520000,0.3569378,120.17721518987342,0.9434914,1.4476549604907631,1.4476549604907631,1.0
59530000,0.36677018,114.97590361445783,0.9288738,1.4530682521985798,1.4530682521985798,1.0
59540000,0.354552,117.33734939759036,0.91038054,1.3889666215649672,1.3889666215649672,1.0
59550000,0.3418231,126.19753086419753,0.90736794,1.346012302616864,1.346012302616864,1.0
59560000,0.3654945,120.83132530120481,0.94668686,1.4160505710057465,1.4160505710057465,1.0
59570000,0.3621515,117.18072289156626,0.9149197,1.3886144071458333,1.3886144071458333,1.0
59580000,0.39275268,119.83116883116882,0.89549667,1.4473946173985799,1.4473946173985799,1.0
59590000,0.39187458,123.53164556962025,0.87303436,1.3802299576811492,1.3802299576811492,1.0
59600000,0.4060171,124.82142857142857,0.90517265,1.4115083895803215,1.4115083895803215,1.0
59610000,0.3694289,126.12658227848101,0.9160298,1.4092599561437964,1.4092599561437964,1.0
59620000,0.41639054,115.37349397590361,0.8983148,1.4528601934392769,1.4528601934392769,1.0
59630000,0.40038395,131.63291139240508,0.8296467,1.339807451143861,1.339807451143861,1.0
59640000,0.3909401,123.25641025641026,0.8602933,1.4108181481624578,1.4108181481624578,1.0
59650000,0.37678486,124.2235294117647,0.8925137,1.4128917171674615,1.4128917171674615,1.0
59660000,0.36582103,121.86746987951807,0.85933477,1.35438091800149,1.35438091800149,1.0
59670000,0.38852778,120.88095238095238,0.89395803,1.3850481544273445,1.3850481544273445,1.0
59680000,0.3852525,116.4320987654321,0.9046536,1.418281431781289,1.418281431781289,1.0
59690000,0.37431028,118.73255813953489,0.91548425,1.3578069277627522,1.3578069277627522,1.0
59700000,0.3620656,114.65517241379311,0.9606955,1.4231355981151947,1.4231355981151947,1.0
59710000,0.35480568,119.22619047619048,0.89837617,1.4181475722718806,1.4181475722718806,1.0
59720000,0.37989777,114.58333333333333,0.8820115,1.4531856582366995,1.4531856582366995,1.0
59730000,0.37203103,117.45238095238095,0.88493574,1.4496234819293021,1.4496234819293021,1.0
59740000,0.39045125,121.10588235294118,0.91665864,1.444061862970037,1.444061862970037,1.0
59750000,0.36258712,117.11111111111111,0.8716272,1.3871777294502583,1.3871777294502583,1.0
59760000,0.36511758,121.23809523809524,0.8853557,1.416018998871247,1.416018998871247,1.0
59770000,0.36297783,119.73170731707317,0.89035934,1.4172047874385334,1.4172047874385334,1.0
59780000,0.3578265,115.52873563218391,0.9370814,1.422462758629821,1.422462758629821,1.0
59790000,0.37333167,113.14117647058823,0.8960537,1.4538070286021514,1.4538070286021514,1.0
59800000,0.39302245,116.9047619047619,0.89985573,1.294645185404945,1.294645185404945,1.0
59810000,0.3774826,115.22093023255815,0.91159403,1.3922022769964018,1.3922022769964018,1.0
59820000,0.36983398,121.08433734939759,0.9153857,1.4153734497636197,1.4153734497636197,1.0
59830000,0.38338387,124.21176470588236,0.89295936,1.441697525814539,1.441697525814539,1.0
59840000,0.37488103,116.5,0.9005157,1.45146093285847,1.45146093285847,1.0
59850000,0.3718172,116.54255319148936,0.8713894,1.3615348417052002,1.3615348417052002,1.0
59860000,0.3788417,123.69014084507042,0.8968564,1.4116281638733852,1.4116281638733852,1.0
59870000,0.37010136,120.40243902439025,0.8710646,1.3543180297297168,1.3543180297297168,1.0
59880000,0.35616124,118.82278481012658,0.8767363,1.4160871367232921,1.4160871367232921,1.0
59890000,0.3789421,128.56962025316454,0.88357574,1.374472462013364,1.374472462013364,1.0
59900000,0.36759114,121.19540229885058,0.8986442,1.3866046055891486,1.3866046055891486,1.0
59910000,0.37924546,119.80459770114942,0.90384454,1.359206861120531,1.359206861120531,1.0
59920000,0.38111454,117.7560975609756,0.90959346,1.4172828911190354,1.4172828911190354,1.0
59930000,0.35562855,115.91666666666667,0.9125919,1.4209499603935651,1.4209499603935651,1.0
59940000,0.35931912,118.67816091954023,0.9241369,1.359504610819872,1.359504610819872,1.0
59950000,0.3754321,117.0886075949367,0.919005,1.4192320658468907,1.4192320658468907,1.0
59960000,0.42496175,119.0379746835443,0.87359124,1.4159717506800706,1.4159717506800706,1.0
59970000,0.38052922,126.88636363636364,0.89813876,1.3830336707361628,1.3830336707361628,1.0
59980000,0.39749327,116.67441860465117,0.93402463,1.3904681995072785,1.3904681995072785,1.0
59990000,0.40270585,114.48809523809524,0.9472659,1.4532928225096493,1.4532928225096493,1.0
60000000,0.4405093,121.58974358974359,0.9345245,1.446697392142736,1.446697392142736,1.0
60010000,0.39230996,117.183908045977,0.9216134,1.4505441472107587,1.4505441472107587,1.0
60020000,0.39066488,112.41558441558442,0.89203674,1.4553537991566536,1.4553537991566536,1.0
60030000,0.40250188,131.96153846153845,0.9045233,1.3709113449329817,1.3709113449329817,1.0
60040000,0.39250708,126.1547619047619,0.91184366,1.379363804292607,1.379363804292607,1.0
60050000,0.40860546,123.8076923076923,0.8868492,1.379065782208986,1.379065782208986,1.0
60060000,0.36660647,118.8452380952381,0.8928874,1.4177445453333568,1.4177445453333568,1.0
60070000,0.39380834,117.53164556962025,0.9093128,1.4180549582466484,1.4180549582466484,1.0
60080000,0.38468605,119.30232558139535,0.92000794,1.4160140689681557,1.4160140689681557,1.0
60090000,0.35711727,113.79310344827586,0.8981227,1.4244574236030552,1.4244574236030552,1.0
60100000,0.3829855,124.01219512195122,0.90787053,1.4128120070749737,1.4128120070749737,1.0
60110000,0.36974362,124.89285714285714,0.9133933,1.3815047234030706,1.3815047234030706,1.0
60120000,0.3659714,116.52272727272727,0.9006646,1.4214528416251313,1.4214528416251313,1.0
60130000,0.366519,119.01234567901234,0.9011641,1.417264152502204,1.417264152502204,1.0
60140000,0.36242133,114.04597701149426,0.92972577,1.423703397142476,1.423703397142476,1.0
60150000,0.34825158,115.0919540229885,0.9253229,1.4226255432464356,1.4226255432464356,1.0
60160000,0.3839529,115.3125,0.90955865,1.4510316528925082,1.4510316528925082,1.0
60170000,0.38344893,118.22727272727273,0.913887,1.3890298486783588,1.3890298486783588,1.0
60180000,0.40442568,112.65853658536585,0.9263867,1.4234511788661888,1.4234511788661888,1.0
60190000,0.42204225,120.74683544303798,0.938301,1.4474649506155401,1.4474649506155401,1.0
60200000,0.39014477,118.55813953488372,0.8962801,1.3878475791286855,1.3878475791286855,1.0
60210000,0.39887473,115.07228915662651,0.8985499,1.4527261656975108,1.4527261656975108,1.0
60220000,0.4091735,126.55434782608695,0.9162613,1.4136529690081097,1.4136529690081097,1.0
60230000,0.3851749,120.13333333333334,0.89457643,1.382435248310075,1.382435248310075,1.0
60240000,0.38301995,116.93478260869566,0.88929635,1.4159828813337698,1.4159828813337698,1.0
60250000,0.38758036,118.20289855072464,0.8953204,1.4176885623343383,1.4176885623343383,1.0
60260000,0.39822564,122.01234567901234,0.9210956,1.445819706276611,1.445819706276611,1.0
60270000,0.3774278,126.48235294117647,0.9261868,1.409097572832945,1.409097572832945,1.0
60280000,0.39348656,118.38271604938272,0.8790625,1.3826789574490652,1.3826789574490652,1.0
60290000,0.38734463,129.2125,0.9062754,1.406589948013425,1.406589948013425,1.0
60300000,0.37631562,117.82758620689656,0.92975926,1.4497493963217598,1.4497493963217598,1.0
60310000,0.39114732,115.48235294117647,0.93458396,1.4522987767177469,1.4522987767177469,1.0
60320000,0.36984268,121.01176470588236,0.9204448,1.3860917171134668,1.3860917171134668,1.0
60330000,0.38654336,113.9375,0.8940971,1.389242462394759,1.389242462394759,1.0
60340000,0.3747705,119.92771084337349,0.8918068,1.4172928166531382,1.4172928166531382,1.0
60350000,0.38123837,114.85365853658537,0.8964784,1.4172937904978975,1.4172937904978975,1.0
60360000,0.39278066,123.05747126436782,0.9177801,1.414804557188489,1.414804557188489,1.0
60370000,0.40318972,115.45569620253164,0.90685135,1.4525948808163027,1.4525948808163027,1.0
60380000,0.42618555,125.94805194805195,0.90197176,1.4068752768655102,1.4068752768655102,1.0
60390000,0.37907982,123.12048192771084,0.9505867,1.4124794697994927,1.4124794697994927,1.0
60400000,0.36917174,117.71951219512195,0.90174365,1.387153615857043,1.387153615857043,1.0
60410000,0.36884165,124.1547619047619,0.883686,1.3818451964429446,1.3818451964429446,1.0
60420000,0.38002148,123.93589743589743,0.91786903,1.444135855214718,1.444135855214718,1.0
60430000,0.3895502,119.0,0.8991544,1.3516657987564076,1.3516657987564076,1.0
60440000,0.37430894,120.87951807228916,0.8944722,1.4468877521775119,1.4468877521775119,1.0
60450000,0.37690532,122.27160493827161,0.8559434,1.347517449967563,1.347517449967563,1.0
60460000,0.34141147,121.45977011494253,0.92292225,1.4465908650308847,1.4465908650308847,1.0
60470000,0.40053138,118.1948051948052,0.89308465,1.4495532045793997,1.4495532045793997,1.0
60480000,0.39329275,118.9753086419753,0.8630682,1.417341436191303,1.417341436191303,1.0
60490000,0.3851175,127.3529411764706,0.86817324,1.3462312899709465,1.3462312899709465,1.0
60500000,0.3608916,118.26136363636364,0.9026921,1.4201977216125874,1.4201977216125874,1.0
60510000,0.40629208,120.3132530120482,0.89145255,1.416399961958329,1.416399961958329,1.0
60520000,0.3802985,115.15116279069767,0.907784,1.4220846712589263,1.4220846712589263,1.0
60530000,0.3701557,117.05882352941177,0.9188682,1.3894117211594301,1.3894117211594301,1.0
60540000,0.39073423,116.25925925925925,0.9085467,1.4185824602842332,1.4185824602842332,1.0
60550000,0.35588858,120.16279069767442,0.9258032,1.3883613209155472,1.3883613209155472,1.0
60560000,0.38388243,114.73170731707317,0.9129573,1.4510690995296578,1.4510690995296578,1.0
60570000,0.33729064,119.6195652173913,0.92678666,1.4186726637946612,1.4186726637946612,1.0
60580000,0.32458845,116.07228915662651,0.92711526,1.4220620247310605,1.4220620247310605,1.0
60590000,0.36274207,118.92045454545455,0.9052414,1.4518674201814525,1.4518674201814525,1.0
60600000,0.38353938,116.0,0.8981516,1.415302393276517,1.415302393276517,1.0
60610000,0.36977944,113.98019801980197,0.93906295,1.4530933010909293,1.4530933010909293,1.0
60620000,0.36196157,117.19117647058823,0.9084946,1.4192949526011944,1.4192949526011944,1.0
60630000,0.33705032,114.37931034482759,0.91486424,1.4531378871065446,1.4531378871065446,1.0
60640000,0.38673958,119.82716049382717,0.9032168,1.4140849648043514,1.4140849648043514,1.0
60650000,0.37938377,119.34177215189874,0.8752325,1.413215141601955,1.413215141601955,1.0
60660000,0.35740292,123.79545454545455,0.8920729,1.3850726807828655,1.3850726807828655,1.0
60670000,0.33766636,116.21348314606742,0.90381026,1.3645617610283112,1.3645617610283112,1.0
60680000,0.3551077,111.98823529411764,0.91334134,1.4238540719537174,1.4238540719537174,1.0
60690000,0.37421644,121.88461538461539,0.9275223,1.412566624629574,1.412566624629574,1.0
60700000,0.34075034,121.47777777777777,0.89033395,1.3869532948566807,1.3869532948566807,1.0
60710000,0.36774272,117.5125,0.9140549,1.4497674563433975,1.4497674563433975,1.0
60720000,0.35756364,120.16867469879519,0.8883661,1.4475855140621403,1.4475855140621403,1.0
60730000,0.3801044,120.53012048192771,0.9176258,1.3850457406187633,1.3850457406187633,1.0
60740000,0.36407027,116.43023255813954,0.90179724,1.45080228505093,1.45080228505093,1.0
60750000,0.34953377,116.4090909090909,0.9201278,1.420572681648826,1.420572681648826,1.0
60760000,0.35998,110.79012345679013,0.9005243,1.4566219074697029,1.4566219074697029,1.0
60770000,0.3963318,122.71084337349397,0.91879535,1.3810804471282698,1.3810804471282698,1.0
60780000,0.36594793,119.62352941176471,0.9526034,1.4475246638059616,1.4475246638059616,1.0
60790000,0.35987732,115.66666666666667,0.9253631,1.4212809079104947,1.4212809079104947,1.0
60800000,0.3637652,115.98837209302326,0.95589423,1.391248793622782,1.391248793622782,1.0
60810000,0.34860635,115.82954545454545,0.9459065,1.4223590507172048,1.4223590507172048,1.0
60820000,0.36713928,115.62962962962963,0.9479128,1.4205024015249275,1.4205024015249275,1.0
60830000,0.4214669,116.64556962025317,0.9087354,1.3844666278515108,1.3844666278515108,1.0
60840000,0.37368658,123.2235294117647,0.9357975,1.4118880390500028,1.4118880390500028,1.0
60850000,0.39409485,116.98795180722891,0.890851,1.4201166363255608,1.4201166363255608,1.0
60860000,0.37614936,119.34146341463415,0.9057995,1.4163853148134744,1.4163853148134744,1.0
60870000,0.3646141,118.32142857142857,0.8783635,1.4185809148919015,1.4185809148919015,1.0
60880000,0.351835,119.19277108433735,0.9006221,1.4177832788388645,1.4177832788388645,1.0
60890000,0.3542163,125.89655172413794,0.9345775,1.441211581923241,1.441211581923241,1.0
60900000,0.39227086,115.6547619047619,0.9163034,1.4203270140816184,1.4203270140816184,1.0
60910000,0.38698947,117.92405063291139,0.8947887,1.4496961593910862,1.4496961593910862,1.0
60920000,0.35834217,117.43373493975903,0.9129546,1.4190818845148545,1.4190818845148545,1.0
60930000,0.3422868,118.94252873563218,0.92390186,1.4457371633413225,1.4457371633413225,1.0
60940000,0.38804218,123.28048780487805,0.89202464,1.4132316693118432,1.4132316693118432,1.0
60950000,0.3687245,117.48837209302326,0.92858535,1.4506441428391046,1.4506441428391046,1.0
60960000,0.34632444,112.43181818181819,0.8800422,1.3921881942626309,1.3921881942626309,1.0
60970000,0.40084365,115.27160493827161,0.8830751,1.3920470179880367,1.3920470179880367,1.0
60980000,0.37764558,117.36082474226804,0.91955423,1.4490891190986317,1.4490891190986317,1.0
60990000,0.3674648,119.89041095890411,0.9118355,1.389006858027872,1.389006858027872,1.0
61000000,0.3842772,119.62962962962963,0.90787137,1.4463299617636949,1.4463299617636949,1.0
61010000,0.36596057,121.88095238095238,0.89144105,1.384311861225537,1.384311861225537,1.0
61020000,0.3547766,120.84146341463415,0.90114397,1.4151560600574424,1.4151560600574424,1.0
61030000,0.37491053,119.07142857142857,0.89237857,1.4509928151521654,1.4509928151521654,1.0
61040000,0.33800867,117.18823529411765,0.9058863,1.417367009906208,1.417367009906208,1.0
61050000,0.355016,114.20930232558139,0.91304326,1.39088832257792,1.39088832257792,1.0
61060000,0.36545902,119.4625,0.90200126,1.448122449591756,1.448122449591756,1.0
61070000,0.37453067,115.25555555555556,0.8817598,1.4229910790920257,1.4229910790920257,1.0
61080000,0.36226773,115.8433734939759,0.8689518,1.38814141837562,1.38814141837562,1.0
61090000,0.3616403,120.19767441860465,0.9036988,1.4173608716877026,1.4173608716877026,1.0
61100000,0.34805796,116.57303370786516,0.88997674,1.3924876072266128,1.3924876072266128,1.0
61110000,0.361277,114.19047619047619,0.9083266,1.4534475702260221,1.4534475702260221,1.0
61120000,0.32347128,112.8395061728395,0.86704576,1.4542666285034316,1.4542666285034316,1.0
61130000,0.35371438,121.97590361445783,0.8772224,1.3211758666368851,1.3211758666368851,1.0
61140000,0.36940297,123.9,0.89345276,1.4431649533566087,1.4431649533566087,1.0
61150000,0.37848407,116.575,0.8968607,1.3850974656641484,1.3850974656641484,1.0
61160000,0.36270759,121.3132530120482,0.9309413,1.4148618639225052,1.4148618639225052,1.0
61170000,0.37781867,121.6125,0.9160438,1.4129746338423295,1.4129746338423295,1.0
61180000,0.3376758,122.79012345679013,0.90826243,1.3791876095864508,1.3791876095864508,1.0
61190000,0.35479748,125.3780487804878,0.89498955,1.3177132136132343,1.3177132136132343,1.0
61200000,0.32618403,117.96739130434783,0.93252355,1.4491428164662896,1.4491428164662896,1.0
61210000,0.343747,118.96470588235294,0.92241865,1.4162190120135034,1.4162190120135034,1.0
61220000,0.35843837,112.30588235294118,0.9371129,1.4248046655427007,1.4248046655427007,1.0
61230000,0.35879084,115.83132530120481,0.9196327,1.451919002192361,1.451919002192361,1.0
61240000,0.36900982,117.91954022988506,0.92611146,1.389618344005497,1.389618344005497,1.0
61250000,0.39520025,112.56962025316456,0.88812524,1.3878824581392109,1.3878824581392109,1.0
61260000,0.36408263,130.28048780487805,0.9204181,1.4367024029900388,1.4367024029900388,1.0
61270000,0.37784815,124.0609756097561,0.9131635,1.4099974871877534,1.4099974871877534,1.0
61280000,0.32712775,116.94318181818181,0.9191774,1.4211505129096214,1.4211505129096214,1.0
61290000,0.37140965,117.1923076923077,0.9366921,1.4486589335287228,1.4486589335287228,1.0
61300000,0.33721757,118.6590909090909,0.9069241,1.3892597362998573,1.3892597362998573,1.0
61310000,0.3626832,116.9875,0.9481729,1.4169124614447355,1.4169124614447355,1.0
61320000,0.3538693,115.12048192771084,0.8921102,1.3899686282657715,1.3899686282657715,1.0
61330000,0.34876555,125.17977528089888,0.8916326,1.3135549540631473,1.3135549540631473,1.0
61340000,0.36060557,116.06756756756756,0.89644927,1.3877638082008763,1.3877638082008763,1.0
61350000,0.34396994,124.28735632183908,0.9130052,1.3790172384476955,1.3790172384476955,1.0
61360000,0.376569,122.66233766233766,0.9110235,1.4462023910771056,1.4462023910771056,1.0
61370000,0.3430066,120.47872340425532,0.91896784,1.4439575994715972,1.4439575994715972,1.0
61380000,0.3577391,120.97183098591549,0.87770694,1.3831826718869034,1.3831826718869034,1.0
61390000,0.41303396,117.77215189873418,0.8950745,1.4497493188592452,1.4497493188592452,1.0
61400000,0.3809421,117.2875,0.90857977,1.3844324419740588,1.3844324419740588,1.0
61410000,0.37197676,129.87951807228916,0.91709244,1.3438071926315147,1.3438071926315147,1.0
61420000,0.36181954,114.82142857142857,0.9104718,1.4505713688475745,1.4505713688475745,1.0
61430000,0.37863645,130.37179487179486,0.89831966,1.4035116377976034,1.4035116377976034,1.0
61440000,0.3786514,127.8780487804878,0.91896677,1.4073156207261315,1.4073156207261315,1.0
61450000,0.37061083,121.0379746835443,0.89482373,1.3808379288809964,1.3808379288809964,1.0
61460000,0.34895307,118.74698795180723,0.8975419,1.447310808552317,1.447310808552317,1.0
61470000,0.34473553,121.04705882352941,0.88773555,1.4156070007559132,1.4156070007559132,1.0
61480000,0.3806116,117.28395061728395,0.89881027,1.4499900737018496,1.4499900737018496,1.0
61490000,0.32783577,126.37349397590361,0.90921396,1.4097300840609044,1.4097300840609044,1.0
61500000,0.36286682,112.88607594936708,0.87310815,1.4543774515390395,1.4543774515390395,1.0
61510000,0.3665159,116.71428571428571,0.892876,1.362604452066877,1.362604452066877,1.0
61520000,0.36779785,116.18072289156626,0.903828,1.451251724537681,1.451251724537681,1.0
61530000,0.40180838,124.78481012658227,0.8548483,1.3421204721029751,1.3421204721029751,1.0
61540000,0.37229633,116.0875,0.8699418,1.4201074513606726,1.4201074513606726,1.0
61550000,0.3753425,126.28395061728395,0.87782943,1.375427120997582,1.375427120997582,1.0
61560000,0.37809533,132.8227848101266,0.8992011,1.3687442608083351,1.3687442608083351,1.0
61570000,0.37708876,114.69318181818181,0.9419903,1.4526022059863872,1.4526022059863872,1.0
61580000,0.36652225,116.08433734939759,0.9455172,1.4499560495974815,1.4499560495974815,1.0
61590000,0.36413473,121.74074074074075,0.9108263,1.4126899486407638,1.4126899486407638,1.0
61600000,0.36782202,117.39285714285714,0.8885603,1.3892893702668303,1.3892893702668303,1.0
61610000,0.34710747,122.02409638554217,0.9418041,1.4441204334957054,1.4441204334957054,1.0
61620000,0.3487667,120.86746987951807,0.9557166,1.4121710428272385,1.4121710428272385,1.0
61630000,0.37205583,120.65432098765432,0.9202566,1.3188567419110993,1.3188567419110993,1.0
61640000,0.3311805,118.875,0.92283803,1.3591044968925416,1.3591044968925416,1.0
61650000,0.35562253,114.40697674418605,0.93144673,1.4226482455757843,1.4226482455757843,1.0
61660000,0.3701594,113.44186046511628,0.93520236,1.4534470232532304,1.4534470232532304,1.0
61670000,0.36481133,115.62650602409639,0.91892487,1.4506809099000835,1.4506809099000835,1.0
61680000,0.3431698,122.0,0.9239264,1.3828095944530994,1.3828095944530994,1.0
